DateTime Recorded;Name;Address;City;State;Email;Products Talked About;Notes
3/28/18;Tony Stark;777 Brockton Avenue, Abington MA 2351;London;;iamnotironman@starkindustries.com;LaptopPhone;Satisfied
3/28/18;Tony Stark;30 Memorial Drive, Avon MA 2322;London;;iamnotironman@starkindustries.com;LaptopPhone;Satisfied
3/28/18;Tony Stark;250 Hartford Avenue, Bellingham MA 2019;London;                    ;iamnotironman@starkindustries.com;LaptopPhone;satisfied
3/28/18;Tony Stark;700 Oak Street, Brockton MA 2301;London;;iamnotironman@starkindustries.com;Laptop, Phone;satisfied
9/9/17;Viuda Negra;66-4 Parkhurst Rd, Chelmsford MA 1824;Mumbai;Maharashtra;looksthatkill@avengers.com;Blue-ray Player, Drone;I was not satisfied
5/15/17;Hulk;591 Memorial Dr, Chicopee MA 1020;Miami;FL;mrgreen@avengers.com;VR headset;Not satisfied
3/4/17;Capit√°n America;55 Brooksby Village Way, Danvers MA 1923;Green Bay;Wisconsin;iloveshields@avengers.com;Phone, Desktop Computer;satisfied
6/19/18;Stark, Inc.;137 Teaticket Hwy, East Falmouth MA 2536;Cupertino;CA;dimensio@me.com;CPU Chips;
6/19/18;Starkindustries;42 Fairhaven Commons Way, Fairhaven MA 2719;Cupertino;California;kuparine@gmail.com;CPU Chip;
7/24/18;Starkindustries Inc;374 William S Canning Blvd, Fall River MA 2721;Cupertino;California;fudrucker@msn.com;Charging Docks;
9/23/17;Avengers tower;121 Worcester Rd, Framingham MA 1701;New York;NY;avengers@avengers.com;Dongles, USB Wires;very satisfied
